{
    "maze_blue": [
        [
            4,
            5,
            6
        ],
        [
            5,
            6,
            7
        ]
    ],
    "maze_red": [
        [
            1,
            2,
            3
        ],
        [
            2,
            3,
            4
        ]
    ],
    "maze_white": [
        [
            1,
            2,
            3
        ],
        [
            2,
            3,
            4
        ]
    ],
    "maze_yellow": [
        [
            1,
            2,
            3
        ],
        [
            2,
            3,
            4
        ]
    ],
    "rainbow_blue": [
        [
            1,
            2,
            3
        ],
        [
            2,
            3,
            4
        ]
    ],
    "rainbow_green": [
        [
            129.6127575834592,
            1.7127679474651814,
            62.0625
        ],
        [
            149.6127575834592,
            21.71276794746518,
            82.0625
        ]
    ],
    "rainbow_red": [
        [
            1,
            2,
            3
        ],
        [
            2,
            3,
            4
        ]
    ],
    "rainbow_yellow": [
        [
            1,
            2,
            3
        ],
        [
            2,
            3,
            4
        ]
    ]
}