{
    "maze_blue": [
        [
            4,
            5,
            6
        ],
        [
            5,
            6,
            7
        ]
    ],
    "maze_red": [
        [
            1,
            2,
            3
        ],
        [
            2,
            3,
            4
        ]
    ],
    "maze_white": [
        [
            1,
            2,
            3
        ],
        [
            2,
            3,
            4
        ]
    ],
    "maze_yellow": [
        [
            1,
            2,
            3
        ],
        [
            2,
            3,
            4
        ]
    ],
    "rainbow_blue": [
        [
            -9.405990540981293,
            14.678541459143162,
            136.59750366210938
        ],
        [
            10.594009459018707,
            34.67854145914316,
            156.59750366210938
        ]
    ],
    "rainbow_green": [
        [
            63.44776791334152,
            119.96860593557358,
            118.99249267578125
        ],
        [
            83.44776791334152,
            139.96860593557358,
            138.99249267578125
        ]
    ],
    "rainbow_red": [
        [
            155.22801205515862,
            101.54452696442604,
            151.83749389648438
        ],
        [
            175.22801205515862,
            121.54452696442604,
            171.83749389648438
        ]
    ],
    "rainbow_yellow": [
        [
            4.6982194880644474,
            7.895116955041885,
            133.52999877929688
        ],
        [
            24.698219488064446,
            27.895116955041885,
            153.52999877929688
        ]
    ]
}