{"RAINBOW_RED": [[0, 167, 118], [12, 255, 255]], "rainbow_blue": [[35.82278245687485, 49.89628121256828, 2.3125], [115.82278245687485, 255, 255]], "RAINBOW_BLUE": [[77, 144, 38], [119, 255, 255]], "RAINBOW_YELLOW": [[3, 235, 119], [33, 255, 255]], "RAINBOW_GREEN": [[45, 187, 26], [71, 255, 255]]}