{
    "maze_blue": [
        [
            166.0766501526038,
            97.31792256236076,
            179.3824920654297
        ],
        [
            186.0766501526038,
            117.31792256236076,
            199.3824920654297
        ]
    ],
    "maze_red": [
        [
            162.65607322255772,
            106.63471102714539,
            171.62249755859375
        ],
        [
            182.65607322255772,
            126.63471102714539,
            191.62249755859375
        ]
    ],
    "maze_white": [
        [
            163.6924592455228,
            101.95253387093544,
            180.8300018310547
        ],
        [
            183.6924592455228,
            121.95253387093544,
            200.8300018310547
        ]
    ],
    "maze_yellow": [
        [
            162.6851006448269,
            101.39625892043114,
            183.6599884033203
        ],
        [
            182.6851006448269,
            121.39625892043114,
            203.6599884033203
        ]
    ],
    "rainbow_blue": [
        [
            97.72739496827126,
            126.22421026229858,
            105.81999969482422
        ],
        [
            117.72739496827126,
            146.22421026229858,
            125.81999969482422
        ]
    ],
    "rainbow_green": [
        [
            135.84931677331525,
            46.89669534564018,
            77.76499938964844
        ],
        [
            155.84931677331525,
            66.89669534564018,
            97.76499938964844
        ]
    ],
    "rainbow_red": [
        [
            152.09237295389175,
            45.34993514418602,
            133.41749572753906
        ],
        [
            172.09237295389175,
            65.34993514418602,
            153.41749572753906
        ]
    ],
    "rainbow_yellow": [
        [
            -9.580352455377579,
            115.70841893553734,
            167.7375030517578
        ],
        [
            10.419647544622421,
            135.70841893553734,
            187.7375030517578
        ]
    ]
}